register_owner,2020-05-13 08:39:56.192
register_bookshelf,2020-05-13 08:39:56.265
register_books,2020-05-13 08:39:56.271
register_notes,2020-05-13 08:39:56.274
register_owner,2020-05-13 09:07:08.632
register_bookshelf,2020-05-13 09:07:08.658
register_books,2020-05-13 09:07:08.661
register_notes,2020-05-13 09:07:08.663
register_owner,2020-05-13 09:48:26.793
register_bookshelf,2020-05-13 09:48:26.829
register_books,2020-05-13 09:48:26.834
register_notes,2020-05-13 09:48:26.836
register_bookshelf,2020-05-15 13:22:10.816
register_books,2020-05-15 13:22:11.042
register_notes,2020-05-15 13:22:11.084
register_bookshelf,2020-05-15 13:28:36.989
register_books,2020-05-15 13:28:36.997
register_notes,2020-05-15 13:28:36.999
register_bookshelf,2020-05-15 13:38:10.437
register_books,2020-05-15 13:38:10.502
register_notes,2020-05-15 13:38:10.511
register_bookshelf,2020-05-15 13:43:53.293
register_books,2020-05-15 13:43:53.302
register_notes,2020-05-15 13:43:53.304
register_bookshelf,2020-05-15 13:53:36.311
register_books,2020-05-15 13:53:36.321
register_notes,2020-05-15 13:53:36.322
register_bookshelf,2020-05-15 13:55:34.6
register_books,2020-05-15 13:55:34.611
register_notes,2020-05-15 13:55:34.612
register_bookshelf,2020-05-15 13:57:53.463
register_books,2020-05-15 13:57:53.472
register_notes,2020-05-15 13:57:53.473
register_bookshelf,2020-05-15 14:13:46.041
register_books,2020-05-15 14:13:46.065
register_notes,2020-05-15 14:13:46.067
register_bookshelf,2020-05-15 14:33:48.432
register_books,2020-05-15 14:33:48.452
register_notes,2020-05-15 14:33:48.453
register_bookshelf,2020-05-15 14:34:09.876
register_books,2020-05-15 14:34:09.88
register_notes,2020-05-15 14:34:09.882
register_bookshelf,2020-05-15 14:34:41.956
register_books,2020-05-15 14:34:41.96
register_notes,2020-05-15 14:34:41.961
register_bookshelf,2020-05-15 14:35:26.738
register_books,2020-05-15 14:35:26.746
register_notes,2020-05-15 14:35:26.754
register_bookshelf,2020-05-15 16:37:59.218
register_books,2020-05-15 16:37:59.223
register_notes,2020-05-15 16:37:59.226
register_bookshelf,2020-05-15 17:43:01.04
register_books,2020-05-15 17:43:01.045
register_notes,2020-05-15 17:43:01.046
register_bookshelf,2020-05-15 17:43:55.037
register_books,2020-05-15 17:43:55.043
register_notes,2020-05-15 17:43:55.045
register_bookshelf,2020-05-15 17:59:21.582
register_books,2020-05-15 17:59:21.614
register_notes,2020-05-15 17:59:21.616
register_bookshelf,2020-05-15 17:59:45.927
register_books,2020-05-15 17:59:45.951
register_notes,2020-05-15 17:59:45.954
register_bookshelf,2020-05-15 18:00:26.072
register_books,2020-05-15 18:00:26.096
register_notes,2020-05-15 18:00:26.098
register_bookshelf,2020-05-15 18:01:58.983
register_books,2020-05-15 18:01:58.988
register_notes,2020-05-15 18:01:58.99
register_bookshelf,2020-05-24 20:26:10.218
register_books,2020-05-24 20:26:10.302
register_notes,2020-05-24 20:26:10.333
register_bookshelf,2020-05-24 20:30:18.917
register_books,2020-05-24 20:30:18.92
register_notes,2020-05-24 20:30:18.922
register_bookshelf,2020-05-24 20:34:58.223
register_books,2020-05-24 20:34:58.226
register_notes,2020-05-24 20:34:58.227
register_bookshelf,2020-05-24 20:51:00.432
register_books,2020-05-24 20:51:00.436
register_notes,2020-05-24 20:51:00.438
register_bookshelf,2020-05-24 20:55:01.994
register_books,2020-05-24 20:55:02.025
register_notes,2020-05-24 20:55:02.026
register_bookshelf,2020-05-24 20:56:21.352
register_books,2020-05-24 20:56:21.381
register_notes,2020-05-24 20:56:21.383
register_bookshelf,2020-05-24 20:58:55.445
register_books,2020-05-24 20:58:55.474
register_notes,2020-05-24 20:58:55.476
register_bookshelf,2020-05-24 20:59:06.277
register_books,2020-05-24 20:59:06.306
register_notes,2020-05-24 20:59:06.307
register_bookshelf,2020-05-24 21:00:01.017
register_books,2020-05-24 21:00:01.055
register_notes,2020-05-24 21:00:01.057
register_bookshelf,2020-05-24 21:01:38.311
register_books,2020-05-24 21:01:38.338
register_notes,2020-05-24 21:01:38.34
register_bookshelf,2020-05-24 21:54:45.101
register_books,2020-05-24 21:54:45.129
register_notes,2020-05-24 21:54:45.133
register_bookshelf,2020-05-24 21:54:58.272
register_books,2020-05-24 21:54:58.3
register_notes,2020-05-24 21:54:58.304
register_bookshelf,2020-05-24 21:55:48.421
register_books,2020-05-24 21:55:48.453
register_notes,2020-05-24 21:55:48.453
register_bookshelf,2020-05-24 21:57:08.795
register_books,2020-05-24 21:57:08.829
register_notes,2020-05-24 21:57:08.829
register_bookshelf,2020-05-24 21:57:53.869
register_books,2020-05-24 21:57:53.897
register_notes,2020-05-24 21:57:53.897
register_bookshelf,2020-05-24 21:58:00.359
register_books,2020-05-24 21:58:00.389
register_notes,2020-05-24 21:58:00.389
register_bookshelf,2020-05-24 22:00:33.778
register_books,2020-05-24 22:00:33.806
register_notes,2020-05-24 22:00:33.81
register_bookshelf,2020-05-24 22:00:55.387
register_books,2020-05-24 22:00:55.415
register_notes,2020-05-24 22:00:55.419
register_bookshelf,2020-05-24 22:04:20.277
register_books,2020-05-24 22:04:20.309
register_notes,2020-05-24 22:04:20.309
register_bookshelf,2020-05-24 22:15:36.414
register_books,2020-05-24 22:15:36.462
register_notes,2020-05-24 22:15:36.466
register_bookshelf,2020-05-24 22:17:59.825
register_books,2020-05-24 22:17:59.853
register_notes,2020-05-24 22:17:59.857
register_bookshelf,2020-05-24 22:19:00.862
register_books,2020-05-24 22:19:00.91
register_notes,2020-05-24 22:19:00.91
register_bookshelf,2020-05-24 22:20:11.516
register_books,2020-05-24 22:20:11.548
register_notes,2020-05-24 22:20:11.548
register_bookshelf,2020-05-24 22:20:50.945
register_books,2020-05-24 22:20:50.976
register_notes,2020-05-24 22:20:50.976
register_bookshelf,2020-05-24 22:51:52.702
register_books,2020-05-24 22:51:52.73
register_notes,2020-05-24 22:51:52.73
register_bookshelf,2020-05-24 23:07:41.745
register_books,2020-05-24 23:07:41.777
register_notes,2020-05-24 23:07:41.777
register_bookshelf,2020-05-24 23:10:17.448
register_books,2020-05-24 23:10:17.476
register_notes,2020-05-24 23:10:17.476
register_bookshelf,2020-05-24 23:13:44.94
register_books,2020-05-24 23:13:44.964
register_notes,2020-05-24 23:13:44.968
register_bookshelf,2020-05-24 23:24:56.459
register_books,2020-05-24 23:24:56.487
register_notes,2020-05-24 23:24:56.491
register_bookshelf,2020-05-24 23:29:04.408
register_books,2020-05-24 23:29:04.44
register_notes,2020-05-24 23:29:04.44
register_bookshelf,2020-05-24 23:29:10.289
register_books,2020-05-24 23:29:10.317
register_notes,2020-05-24 23:29:10.321
register_bookshelf,2020-05-24 23:29:56.926
register_books,2020-05-24 23:29:56.954
register_notes,2020-05-24 23:29:56.954
register_bookshelf,2020-05-24 23:30:40.243
register_books,2020-05-24 23:30:40.275
register_notes,2020-05-24 23:30:40.275
register_bookshelf,2020-05-25 17:00:48.293
register_books,2020-05-25 17:00:48.349
register_notes,2020-05-25 17:00:48.351
